                  epoch,         train/box_loss,         train/cls_loss,         train/dfl_loss,   metrics/precision(B),      metrics/recall(B),       metrics/mAP50(B),    metrics/mAP50-95(B),           val/box_loss,           val/cls_loss,           val/dfl_loss,                 lr/pg0,                 lr/pg1,                 lr/pg2
                      1,                 1.0889,                 0.9897,                 1.5204,                0.94283,                0.88946,                0.95942,                0.72031,                0.84757,                0.49044,                 1.2613,              0.0033326,              0.0033326,              0.0033326
                      2,                 1.0496,                0.81086,                 1.4754,                0.93279,                0.86812,                0.94123,                0.69937,                0.90936,                 0.5691,                 1.3503,              0.0066329,              0.0066329,              0.0066329
                      3,                 1.1315,                0.92373,                 1.5232,                0.89637,                0.85979,                0.92326,                0.66811,                0.97125,                0.63552,                 1.3668,              0.0099002,              0.0099002,              0.0099002
                      4,                 1.1611,                0.96415,                 1.5457,                0.94511,                0.86547,                0.93589,                 0.6985,                 0.8914,                 0.5523,                 1.3057,              0.0098515,              0.0098515,              0.0098515
                      5,                  1.081,                0.85133,                 1.4773,                0.95056,                0.89203,                0.95411,                0.73469,                0.82329,                0.50959,                 1.2316,               0.009802,               0.009802,               0.009802
                      6,                  1.014,                0.77387,                 1.4254,                0.93859,                0.91859,                0.96463,                0.76507,                 0.7716,                0.46089,                 1.2005,              0.0097525,              0.0097525,              0.0097525
                      7,                0.97778,                0.72993,                 1.3937,                0.95353,                0.91435,                0.96685,                0.76852,                0.75519,                 0.4338,                 1.1894,               0.009703,               0.009703,               0.009703
                      8,                0.93479,                0.67842,                 1.3614,                0.96275,                0.91088,                0.97327,                0.79366,                0.70842,                0.41203,                 1.1376,              0.0096535,              0.0096535,              0.0096535
                      9,                0.90362,                0.64704,                 1.3367,                0.97104,                0.91933,                0.97604,                0.80937,                0.67651,                0.37586,                 1.1084,               0.009604,               0.009604,               0.009604
                     10,                0.88185,                0.62152,                 1.3191,                0.96038,                 0.9347,                0.97888,                0.82494,                0.62845,                 0.3539,                 1.0548,              0.0095545,              0.0095545,              0.0095545
                     11,                0.85672,                0.60047,                 1.2991,                 0.9714,                0.94859,                0.98142,                0.82762,                0.63022,                0.33672,                 1.0526,               0.009505,               0.009505,               0.009505
                     12,                 0.8334,                0.57959,                 1.2816,                0.97618,                0.93145,                0.98152,                0.84484,                0.58089,                0.32313,                 1.0267,              0.0094555,              0.0094555,              0.0094555
                     13,                0.81658,                0.56027,                 1.2661,                0.98008,                0.94259,                0.98149,                0.84718,                 0.5709,                0.31918,                 1.0151,               0.009406,               0.009406,               0.009406
                     14,                0.79778,                0.54862,                 1.2521,                0.98769,                0.93573,                0.98388,                0.85068,                0.56398,                0.30499,                 1.0018,              0.0093565,              0.0093565,              0.0093565
                     15,                 0.7858,                0.53173,                 1.2407,                0.97276,                0.94863,                0.98551,                0.86067,                0.55497,                0.29274,                0.99313,               0.009307,               0.009307,               0.009307
                     16,                0.76638,                0.51912,                 1.2258,                0.97798,                0.95128,                0.98796,                0.86865,                0.53634,                0.27993,                0.98489,              0.0092575,              0.0092575,              0.0092575
                     17,                0.75569,                0.50524,                 1.2187,                0.97036,                0.95801,                0.98775,                0.87175,                0.50802,                0.27862,                0.95767,               0.009208,               0.009208,               0.009208
                     18,                0.74528,                 0.4953,                 1.2096,                0.98013,                 0.9503,                0.98974,                0.88317,                0.49821,                0.26332,                0.95345,              0.0091585,              0.0091585,              0.0091585
                     19,                0.73233,                0.48351,                 1.1979,                0.98297,                0.95116,                0.99056,                0.88838,                0.48309,                0.25836,                0.93372,               0.009109,               0.009109,               0.009109
                     20,                0.72592,                0.47648,                 1.1932,                 0.9849,                0.96058,                0.99065,                0.89485,                0.45857,                0.24816,                0.91538,              0.0090595,              0.0090595,              0.0090595
                     21,                0.71258,                0.47193,                 1.1838,                0.97995,                0.96317,                0.99061,                0.89396,                0.45868,                 0.2463,                0.91817,                0.00901,                0.00901,                0.00901
                     22,                0.70871,                0.46951,                 1.1769,                0.98669,                0.95305,                0.99016,                0.89562,                0.45519,                0.24532,                0.90941,              0.0089605,              0.0089605,              0.0089605
                     23,                0.69923,                0.45593,                 1.1717,                0.97875,                0.96744,                 0.9911,                 0.9026,                0.43217,                0.23624,                0.89726,               0.008911,               0.008911,               0.008911
                     24,                0.68988,                0.45164,                 1.1653,                 0.9828,                0.96658,                0.99074,                0.90702,                0.42607,                0.23122,                0.89493,              0.0088615,              0.0088615,              0.0088615
                     25,                0.68076,                0.44416,                 1.1609,                0.98852,                0.95921,                0.98937,                0.90831,                 0.4316,                 0.2273,                0.89385,               0.008812,               0.008812,               0.008812
                     26,                0.67639,                0.43667,                 1.1537,                0.97844,                0.97223,                0.99183,                0.91099,                0.41052,                0.21994,                0.87949,              0.0087625,              0.0087625,              0.0087625
                     27,                0.66578,                0.42716,                 1.1505,                0.97844,                0.97214,                0.99164,                0.91782,                0.40833,                0.22112,                0.87845,               0.008713,               0.008713,               0.008713
                     28,                0.66205,                0.42641,                  1.145,                0.98001,                0.96401,                0.99191,                 0.9137,                0.40333,                0.21711,                0.87334,              0.0086635,              0.0086635,              0.0086635
                     29,                 0.6552,                0.42289,                 1.1393,                0.97892,                0.97258,                 0.9916,                0.92041,                0.39181,                 0.2078,                0.86392,               0.008614,               0.008614,               0.008614
                     30,                 0.6494,                 0.4205,                 1.1382,                0.98165,                0.97429,                 0.9921,                0.92683,                0.37873,                0.20606,                0.85838,              0.0085645,              0.0085645,              0.0085645
                     31,                0.64208,                0.41422,                 1.1315,                0.98101,                  0.974,                0.99233,                0.92435,                0.38605,                0.20272,                0.85989,               0.008515,               0.008515,               0.008515
                     32,                0.63829,                0.40975,                 1.1255,                0.98354,                0.96658,                0.99164,                0.92909,                0.36979,                    0.2,                0.84878,              0.0084655,              0.0084655,              0.0084655
                     33,                0.63142,                0.40559,                 1.1214,                0.97431,                0.97514,                0.99125,                0.92977,                0.36703,                0.19957,                0.84472,               0.008416,               0.008416,               0.008416
                     34,                0.62534,                0.40066,                 1.1167,                0.98012,                0.97772,                 0.9929,                0.93364,                0.36708,                0.19354,                0.84604,              0.0083665,              0.0083665,              0.0083665
                     35,                0.62454,                 0.3999,                 1.1171,                0.98356,                 0.9743,                0.99298,                0.93429,                0.35935,                0.19099,                0.84145,               0.008317,               0.008317,               0.008317
                     36,                0.61568,                0.39425,                 1.1127,                0.98026,                0.97882,                0.99283,                0.93614,                0.35377,                0.19218,                   0.84,              0.0082675,              0.0082675,              0.0082675
                     37,                0.61207,                0.39321,                 1.1125,                0.97939,                 0.9774,                0.99333,                0.93638,                0.35461,                0.18772,                0.83938,               0.008218,               0.008218,               0.008218
                     38,                0.60641,                0.38989,                 1.1116,                0.98111,                0.97887,                0.99332,                0.93662,                  0.349,                0.18608,                0.83697,              0.0081685,              0.0081685,              0.0081685
                     39,                0.60507,                0.38361,                 1.1082,                0.97683,                0.98029,                0.99291,                0.93758,                0.34934,                0.18576,                0.83685,               0.008119,               0.008119,               0.008119
                     40,                0.59881,                0.37996,                 1.1022,                0.97396,                0.98201,                 0.9933,                0.93755,                0.34665,                0.18267,                0.83436,              0.0080695,              0.0080695,              0.0080695
                     41,                0.59917,                0.37904,                 1.1013,                0.98344,                0.97429,                0.99326,                0.93871,                0.34212,                 0.1825,                0.83207,                0.00802,                0.00802,                0.00802
                     42,                0.59254,                0.37612,                 1.0951,                0.98095,                0.98201,                0.99343,                0.93912,                0.33848,                0.18065,                0.82916,              0.0079705,              0.0079705,              0.0079705
                     43,                 0.5909,                0.37163,                 1.0938,                0.97788,                0.98497,                 0.9932,                0.94237,                0.33493,                0.17837,                0.82681,               0.007921,               0.007921,               0.007921
                     44,                0.58112,                0.37009,                 1.0868,                0.98616,                0.97699,                0.99305,                0.94255,                0.33021,                0.17482,                0.82508,              0.0078715,              0.0078715,              0.0078715
                     45,                0.58214,                0.37158,                 1.0908,                0.98641,                0.97772,                0.99327,                0.94521,                 0.3278,                0.17448,                0.82351,               0.007822,               0.007822,               0.007822
                     46,                  0.576,                 0.3653,                 1.0853,                0.98333,                0.98201,                0.99323,                0.94422,                0.32462,                0.17368,                0.82167,              0.0077725,              0.0077725,              0.0077725
                     47,                0.57311,                0.36117,                 1.0854,                0.98201,                0.98245,                0.99317,                0.94657,                0.32272,                0.17352,                0.82016,               0.007723,               0.007723,               0.007723
                     48,                0.56915,                0.36004,                  1.083,                0.98203,                0.98337,                0.99329,                0.94736,                0.32135,                0.17101,                0.81974,              0.0076735,              0.0076735,              0.0076735
                     49,                0.56222,                 0.3541,                  1.082,                0.98453,                0.98148,                0.99351,                0.94702,                0.32159,                0.17014,                 0.8199,               0.007624,               0.007624,               0.007624
                     50,                0.56271,                0.35276,                 1.0798,                0.98371,                0.98321,                0.99355,                0.94827,                0.31996,                0.16946,                0.81935,              0.0075745,              0.0075745,              0.0075745
                     51,                0.55817,                0.35015,                 1.0771,                0.98291,                0.98372,                0.99353,                0.94761,                0.31744,                0.16823,                0.81708,               0.007525,               0.007525,               0.007525
                     52,                0.55411,                0.34887,                 1.0744,                0.98538,                0.98199,                0.99357,                0.94799,                 0.3156,                0.16596,                0.81602,              0.0074755,              0.0074755,              0.0074755
                     53,                0.55375,                0.34849,                 1.0728,                 0.9854,                0.98297,                0.99358,                0.94833,                0.31271,                0.16493,                0.81453,               0.007426,               0.007426,               0.007426
                     54,                0.54424,                0.34145,                 1.0661,                0.98673,                0.98286,                0.99356,                0.94929,                0.31115,                0.16507,                0.81375,              0.0073765,              0.0073765,              0.0073765
                     55,                0.54743,                0.34212,                 1.0691,                0.98684,                0.98201,                0.99343,                0.94927,                0.30918,                0.16422,                0.81283,               0.007327,               0.007327,               0.007327
                     56,                0.54177,                0.34093,                  1.066,                0.98636,                0.98201,                0.99332,                0.95016,                0.30923,                0.16292,                0.81315,              0.0072775,              0.0072775,              0.0072775
                     57,                0.53845,                 0.3379,                  1.065,                0.98677,                0.98286,                 0.9936,                0.95074,                0.30777,                0.16313,                0.81187,               0.007228,               0.007228,               0.007228
                     58,                0.54019,                 0.3387,                 1.0652,                0.98548,                0.98372,                0.99359,                0.95048,                0.30643,                 0.1629,                0.81116,              0.0071785,              0.0071785,              0.0071785
                     59,                 0.5341,                0.33679,                 1.0582,                0.98525,                0.98286,                0.99338,                0.95005,                0.30514,                0.16294,                0.81012,               0.007129,               0.007129,               0.007129
                     60,                0.53303,                0.33174,                 1.0596,                0.98391,                0.98286,                0.99314,                 0.9498,                0.30429,                0.16258,                 0.8095,              0.0070795,              0.0070795,              0.0070795
                     61,                0.52935,                0.33183,                 1.0589,                0.98527,                0.98286,                0.99318,                0.94905,                0.30304,                0.16235,                0.80866,                0.00703,                0.00703,                0.00703
                     62,                0.52583,                0.33178,                  1.052,                 0.9871,                0.98329,                0.99377,                0.94967,                0.30224,                0.16176,                 0.8081,              0.0069805,              0.0069805,              0.0069805
                     63,                0.52264,                0.32685,                 1.0468,                0.98623,                 0.9816,                0.99369,                0.95138,                0.30087,                0.16094,                0.80722,               0.006931,               0.006931,               0.006931
                     64,                0.52046,                0.33034,                 1.0524,                0.98539,                0.98222,                0.99335,                0.95068,                0.30039,                0.16066,                0.80661,              0.0068815,              0.0068815,              0.0068815
                     65,                0.51914,                 0.3263,                 1.0515,                0.98538,                 0.9818,                0.99335,                0.95035,                0.29992,                0.16006,                0.80638,               0.006832,               0.006832,               0.006832
                     66,                 0.5196,                0.32368,                 1.0489,                0.98454,                 0.9824,                0.99337,                0.95091,                0.29923,                0.15906,                0.80584,              0.0067825,              0.0067825,              0.0067825
                     67,                0.51401,                0.32323,                 1.0457,                0.98454,                0.98253,                0.99338,                0.95134,                0.29842,                0.15863,                0.80562,               0.006733,               0.006733,               0.006733
                     68,                0.51059,                0.32033,                 1.0438,                0.98454,                0.98252,                0.99336,                0.95163,                0.29765,                0.15879,                0.80522,              0.0066835,              0.0066835,              0.0066835
                     69,                0.50482,                0.31615,                 1.0417,                0.98428,                0.98286,                0.99332,                0.95152,                0.29655,                0.15859,                0.80485,               0.006634,               0.006634,               0.006634
                     70,                0.50672,                0.31738,                 1.0414,                 0.9842,                0.98286,                 0.9933,                0.95158,                0.29584,                 0.1579,                0.80474,              0.0065845,              0.0065845,              0.0065845
                     71,                0.50312,                 0.3149,                 1.0405,                0.98341,                0.98286,                 0.9933,                0.95176,                0.29457,                0.15779,                0.80418,               0.006535,               0.006535,               0.006535
                     72,                0.50565,                0.31604,                 1.0439,                0.98372,                0.98354,                0.99332,                0.95208,                0.29369,                 0.1571,                0.80386,              0.0064855,              0.0064855,              0.0064855
                     73,                0.49475,                0.31007,                 1.0345,                0.98372,                0.98385,                0.99329,                0.95281,                0.29248,                0.15675,                0.80348,               0.006436,               0.006436,               0.006436
                     74,                0.49742,                0.31178,                 1.0354,                0.98374,                0.98492,                0.99343,                0.95273,                0.29119,                0.15625,                0.80315,              0.0063865,              0.0063865,              0.0063865
                     75,                0.49898,                0.31004,                 1.0395,                0.98428,                0.98372,                0.99342,                0.95364,                0.29034,                0.15586,                 0.8029,               0.006337,               0.006337,               0.006337
                     76,                 0.4964,                0.31056,                 1.0388,                 0.9853,                0.98458,                0.99346,                0.95306,                0.28955,                0.15601,                0.80254,              0.0062875,              0.0062875,              0.0062875
                     77,                0.49177,                0.30661,                 1.0358,                0.98487,                0.98372,                0.99346,                0.95341,                0.28893,                0.15553,                0.80233,               0.006238,               0.006238,               0.006238
                     78,                0.48523,                0.30128,                  1.027,                0.98521,                0.98286,                0.99347,                0.95326,                0.28832,                0.15477,                0.80209,              0.0061885,              0.0061885,              0.0061885
                     79,                0.48801,                0.30342,                 1.0322,                0.98539,                0.98285,                0.99347,                0.95335,                 0.2877,                0.15513,                0.80179,               0.006139,               0.006139,               0.006139
                     80,                0.48953,                0.30453,                 1.0334,                0.98522,                0.98286,                0.99344,                0.95358,                0.28712,                0.15456,                0.80167,              0.0060895,              0.0060895,              0.0060895
                     81,                0.47951,                0.30045,                 1.0272,                0.98528,                0.98286,                0.99349,                0.95383,                0.28628,                0.15452,                0.80138,                0.00604,                0.00604,                0.00604
                     82,                0.48003,                0.29814,                  1.029,                0.98539,                0.98277,                 0.9935,                0.95401,                0.28544,                0.15426,                0.80109,              0.0059905,              0.0059905,              0.0059905
                     83,                0.47967,                0.29938,                 1.0304,                0.98539,                0.98279,                0.99352,                0.95433,                0.28503,                0.15401,                0.80138,               0.005941,               0.005941,               0.005941
                     84,                0.47857,                0.29838,                  1.026,                0.98539,                 0.9826,                0.99351,                0.95437,                0.28473,                0.15333,                0.80144,              0.0058915,              0.0058915,              0.0058915
                     85,                0.47598,                0.29647,                 1.0206,                0.98539,                 0.9827,                0.99351,                0.95448,                 0.2844,                0.15338,                0.80158,               0.005842,               0.005842,               0.005842
                     86,                0.47419,                0.29611,                 1.0173,                0.98539,                0.98261,                0.99344,                 0.9544,                0.28372,                0.15279,                0.80119,              0.0057925,              0.0057925,              0.0057925
                     87,                0.47357,                0.29739,                 1.0216,                0.98524,                0.98286,                0.99346,                0.95464,                0.28268,                0.15204,                0.80073,               0.005743,               0.005743,               0.005743
                     88,                0.46835,                0.29349,                 1.0219,                0.98587,                0.98286,                0.99371,                0.95554,                0.28169,                0.15206,                0.80025,              0.0056935,              0.0056935,              0.0056935
                     89,                0.46768,                 0.2877,                 1.0211,                0.98584,                0.98286,                0.99375,                0.95583,                0.28112,                0.15143,                0.80012,               0.005644,               0.005644,               0.005644
                     90,                0.46669,                0.28995,                 1.0198,                 0.9857,                0.98286,                0.99377,                0.95586,                0.27997,                0.15164,                0.79948,              0.0055945,              0.0055945,              0.0055945
                     91,                 0.4676,                0.29255,                 1.0164,                0.98587,                0.98372,                0.99382,                0.95604,                  0.279,                0.15082,                0.79909,               0.005545,               0.005545,               0.005545
                     92,                0.46297,                0.28859,                 1.0142,                0.98553,                0.98372,                0.99382,                0.95615,                0.27812,                0.15104,                0.79876,              0.0054955,              0.0054955,              0.0054955
                     93,                0.46151,                0.28655,                 1.0147,                0.98567,                0.98372,                0.99387,                0.95591,                0.27699,                0.15048,                0.79838,               0.005446,               0.005446,               0.005446
                     94,                0.45547,                0.28363,                 1.0116,                0.98574,                0.98286,                0.99388,                0.95657,                0.27591,                0.15007,                0.79804,              0.0053965,              0.0053965,              0.0053965
                     95,                0.45624,                0.28567,                 1.0141,                0.98579,                0.98286,                0.99388,                0.95766,                0.27496,                0.14947,                0.79782,               0.005347,               0.005347,               0.005347
                     96,                0.45316,                 0.2829,                 1.0139,                 0.9861,                0.98286,                0.99388,                0.95815,                0.27396,                0.14942,                0.79727,              0.0052975,              0.0052975,              0.0052975
                     97,                0.44902,                0.27854,                 1.0128,                0.98656,                0.98286,                0.99392,                0.95909,                0.27282,                0.14894,                0.79675,               0.005248,               0.005248,               0.005248
                     98,                0.44712,                0.27992,                 1.0074,                 0.9874,                0.98286,                0.99397,                 0.9586,                0.27182,                0.14827,                0.79641,              0.0051985,              0.0051985,              0.0051985
                     99,                0.44295,                0.27528,                 1.0079,                0.98826,                0.98286,                0.99399,                 0.9592,                0.27085,                0.14776,                0.79596,               0.005149,               0.005149,               0.005149
                    100,                0.44732,                0.27732,                 1.0107,                0.98794,                0.98273,                0.99401,                 0.9596,                0.26994,                0.14779,                0.79569,              0.0050995,              0.0050995,              0.0050995
                    101,                0.44999,                0.27978,                 1.0094,                0.98794,                 0.9827,                0.99401,                0.95914,                0.26921,                0.14731,                0.79581,                0.00505,                0.00505,                0.00505
                    102,                0.44325,                0.27605,                 1.0065,                0.98721,                0.98201,                0.99401,                0.95921,                0.26867,                0.14738,                0.79576,              0.0050005,              0.0050005,              0.0050005
                    103,                0.43969,                0.27597,                 1.0057,                  0.987,                0.98201,                0.99399,                0.96006,                0.26776,                0.14653,                0.79563,               0.004951,               0.004951,               0.004951
                    104,                0.44289,                0.27491,                 1.0052,                0.98707,                0.98141,                0.99399,                0.96044,                0.26683,                0.14574,                0.79545,              0.0049015,              0.0049015,              0.0049015
                    105,                0.43559,                0.27175,                 1.0019,                0.98707,                0.98143,                0.99404,                0.96074,                0.26584,                0.14598,                0.79507,               0.004852,               0.004852,               0.004852
                    106,                0.43456,                0.26892,                0.99416,                0.98648,                0.98115,                0.99405,                0.96013,                0.26466,                0.14565,                0.79449,              0.0048025,              0.0048025,              0.0048025
                    107,                0.43402,                0.26959,                0.99659,                0.98633,                0.98115,                0.99406,                0.96026,                 0.2633,                0.14523,                 0.7937,               0.004753,               0.004753,               0.004753
                    108,                0.43004,                0.26817,                0.99793,                0.98578,                0.98115,                0.99405,                0.96089,                0.26205,                0.14424,                 0.7933,              0.0047035,              0.0047035,              0.0047035
                    109,                0.43046,                0.26779,                0.99956,                0.98693,                0.98115,                0.99407,                0.96113,                0.26092,                0.14393,                0.79282,               0.004654,               0.004654,               0.004654
                    110,                0.42915,                0.26669,                0.99594,                0.98737,                0.98029,                0.99406,                0.96098,                0.26026,                0.14363,                0.79259,              0.0046045,              0.0046045,              0.0046045
                    111,                0.42404,                0.26512,                0.99554,                0.98878,                0.98151,                0.99403,                0.96137,                0.25925,                0.14352,                 0.7921,               0.004555,               0.004555,               0.004555
                    112,                 0.4245,                0.26467,                 0.9922,                0.98878,                0.98189,                0.99401,                0.96141,                0.25806,                0.14334,                0.79173,              0.0045055,              0.0045055,              0.0045055
                    113,                0.42299,                0.26456,                0.99495,                0.98709,                0.98259,                0.99402,                0.96139,                0.25725,                0.14334,                0.79144,               0.004456,               0.004456,               0.004456
                    114,                0.42079,                0.25987,                0.99196,                0.98693,                0.98286,                0.99401,                0.96156,                0.25636,                0.14324,                0.79115,              0.0044065,              0.0044065,              0.0044065
                    115,                0.42119,                0.26374,                0.99337,                0.98608,                0.98286,                0.99403,                 0.9627,                0.25542,                 0.1421,                0.79069,               0.004357,               0.004357,               0.004357
                    116,                0.41855,                0.26099,                0.99396,                0.98596,                0.98286,                0.99399,                 0.9636,                0.25418,                0.14171,                 0.7902,              0.0043075,              0.0043075,              0.0043075
                    117,                0.41416,                0.25908,                0.99222,                0.98625,                 0.9833,                0.99398,                0.96281,                 0.2534,                 0.1415,                0.78987,               0.004258,               0.004258,               0.004258
                    118,                0.41789,                0.25971,                0.99262,                0.98594,                0.98286,                0.99395,                0.96232,                0.25262,                0.14161,                0.78968,              0.0042085,              0.0042085,              0.0042085
                    119,                0.40849,                0.25665,                0.98877,                0.98645,                0.98286,                0.99394,                0.96274,                0.25152,                0.14074,                0.78956,               0.004159,               0.004159,               0.004159
                    120,                0.41099,                0.25886,                0.98696,                0.98578,                0.98201,                0.99379,                0.96309,                0.25077,                0.14133,                0.78921,              0.0041095,              0.0041095,              0.0041095
                    121,                0.40769,                0.25508,                0.98655,                0.98602,                0.98201,                0.99374,                0.96304,                0.25001,                0.14049,                0.78877,                0.00406,                0.00406,                0.00406
                    122,                0.40715,                0.25471,                0.98718,                0.98748,                0.98201,                0.99373,                0.96305,                0.24894,                0.14066,                0.78834,              0.0040105,              0.0040105,              0.0040105
                    123,                0.40385,                0.25092,                0.98686,                0.98772,                0.98201,                0.99371,                0.96287,                0.24822,                0.14037,                0.78794,               0.003961,               0.003961,               0.003961
                    124,                0.40005,                0.24746,                0.98342,                0.98777,                0.98201,                0.99371,                0.96327,                0.24738,                0.13991,                0.78752,              0.0039115,              0.0039115,              0.0039115
                    125,                0.39987,                0.25185,                0.98426,                0.98836,                0.98201,                0.99373,                0.96346,                0.24664,                 0.1392,                0.78729,               0.003862,               0.003862,               0.003862
                    126,                0.39741,                0.24721,                0.98134,                0.98796,                0.98201,                0.99372,                0.96361,                0.24588,                0.13839,                0.78699,              0.0038125,              0.0038125,              0.0038125
                    127,                0.39507,                0.24751,                0.98722,                0.98741,                0.98201,                0.99374,                0.96394,                0.24501,                 0.1385,                0.78658,               0.003763,               0.003763,               0.003763
                    128,                0.39449,                0.24488,                0.97982,                  0.987,                0.98201,                0.99375,                0.96361,                0.24388,                0.13848,                0.78599,              0.0037135,              0.0037135,              0.0037135
                    129,                 0.3923,                0.24565,                0.97935,                0.98773,                0.98201,                0.99375,                0.96476,                0.24322,                0.13837,                0.78562,               0.003664,               0.003664,               0.003664
                    130,                0.39385,                0.24532,                0.97618,                0.98651,                0.98286,                0.99373,                0.96405,                0.24218,                0.13784,                0.78509,              0.0036145,              0.0036145,              0.0036145
                    131,                0.38732,                0.24123,                0.97376,                0.98794,                0.98237,                0.99375,                0.96509,                0.24143,                0.13733,                0.78461,               0.003565,               0.003565,               0.003565
                    132,                0.39107,                0.24336,                0.97735,                0.98793,                0.98223,                0.99376,                0.96526,                0.24063,                0.13628,                0.78427,              0.0035155,              0.0035155,              0.0035155
                    133,                0.38853,                0.24219,                0.97437,                0.98793,                0.98169,                0.99378,                0.96543,                 0.2397,                0.13593,                0.78401,               0.003466,               0.003466,               0.003466
                    134,                0.38726,                0.23951,                0.97427,                0.98792,                0.98144,                0.99378,                0.96555,                0.23884,                0.13521,                0.78362,              0.0034165,              0.0034165,              0.0034165
                    135,                0.38312,                0.23878,                 0.9739,                0.98895,                0.98115,                0.99378,                0.96605,                0.23782,                0.13475,                0.78319,               0.003367,               0.003367,               0.003367
                    136,                0.38287,                0.23759,                 0.9668,                0.98871,                0.98115,                0.99381,                0.96663,                0.23706,                0.13452,                0.78301,              0.0033175,              0.0033175,              0.0033175
                    137,                0.37966,                0.23471,                0.97103,                0.98707,                0.98159,                0.99383,                0.96623,                0.23642,                 0.1343,                0.78293,               0.003268,               0.003268,               0.003268
                    138,                0.37696,                0.23566,                0.97044,                0.98707,                0.98159,                0.99382,                0.96653,                0.23584,                0.13351,                0.78281,              0.0032185,              0.0032185,              0.0032185
                    139,                0.37538,                0.23308,                0.96904,                0.98708,                0.98164,                0.99384,                0.96675,                0.23515,                0.13378,                0.78248,               0.003169,               0.003169,               0.003169
                    140,                0.37251,                  0.232,                0.96642,                0.98708,                0.98183,                0.99384,                  0.967,                0.23474,                0.13375,                0.78242,              0.0031195,              0.0031195,              0.0031195
                    141,                0.37799,                0.23619,                0.96924,                0.98746,                0.98115,                0.99389,                 0.9672,                0.23366,                0.13262,                0.78212,                0.00307,                0.00307,                0.00307
                    142,                0.37149,                0.23026,                0.96692,                0.98792,                0.98127,                0.99389,                0.96735,                  0.233,                 0.1323,                0.78196,              0.0030205,              0.0030205,              0.0030205
                    143,                0.37093,                0.23053,                0.96615,                0.98822,                0.98115,                 0.9939,                0.96761,                0.23225,                0.13223,                0.78157,               0.002971,               0.002971,               0.002971
                    144,                0.36815,                 0.2299,                0.96227,                0.98878,                0.98137,                0.99392,                0.96772,                 0.2315,                0.13175,                0.78129,              0.0029215,              0.0029215,              0.0029215
                    145,                0.36392,                0.22591,                0.95996,                0.98792,                0.98139,                 0.9939,                0.96793,                0.23086,                0.13189,                0.78115,               0.002872,               0.002872,               0.002872
                    146,                0.36468,                0.22635,                 0.9634,                0.98793,                0.98178,                0.99395,                0.96791,                0.23003,                0.13126,                0.78045,              0.0028225,              0.0028225,              0.0028225
                    147,                0.36186,                0.22534,                0.96096,                0.98792,                0.98134,                0.99396,                0.96764,                0.22931,                0.13118,                0.78005,               0.002773,               0.002773,               0.002773
                    148,                0.35868,                0.22329,                0.95639,                0.98772,                0.98115,                0.99395,                0.96777,                0.22845,                0.13104,                0.77961,              0.0027235,              0.0027235,              0.0027235
                    149,                0.35778,                0.22197,                0.95679,                0.98707,                0.98118,                0.99395,                0.96776,                0.22787,                0.13111,                 0.7795,               0.002674,               0.002674,               0.002674
                    150,                0.35725,                0.22165,                0.95987,                0.98877,                0.98095,                0.99395,                0.96847,                0.22696,                0.13048,                0.77916,              0.0026245,              0.0026245,              0.0026245
                    151,                0.35125,                0.21725,                0.95389,                0.98793,                0.98152,                0.99394,                0.96863,                0.22614,                0.13012,                0.77899,               0.002575,               0.002575,               0.002575
                    152,                0.35228,                0.21787,                0.95613,                 0.9877,                0.98115,                0.99397,                0.96859,                0.22559,                0.13045,                0.77874,              0.0025255,              0.0025255,              0.0025255
                    153,                0.34958,                0.21626,                 0.9545,                0.98869,                0.98115,                0.99396,                0.96865,                0.22487,                0.13001,                0.77857,               0.002476,               0.002476,               0.002476
                    154,                0.34679,                0.21484,                0.95109,                0.98539,                0.98372,                0.99395,                 0.9684,                0.22414,                0.12942,                0.77824,              0.0024265,              0.0024265,              0.0024265
                    155,                0.34777,                0.21704,                0.95364,                0.98815,                0.98029,                0.99395,                0.96883,                0.22325,                0.12892,                 0.7781,               0.002377,               0.002377,               0.002377
                    156,                 0.3422,                0.21451,                0.95236,                0.98826,                0.98115,                0.99396,                0.96867,                0.22256,                0.12854,                0.77779,              0.0023275,              0.0023275,              0.0023275
                    157,                0.34355,                0.21259,                0.95167,                0.98539,                0.98241,                0.99396,                0.96927,                0.22186,                0.12826,                0.77753,               0.002278,               0.002278,               0.002278
                    158,                0.34039,                0.21076,                0.94779,                0.98812,                0.98029,                0.99397,                0.96955,                0.22106,                0.12843,                0.77716,              0.0022285,              0.0022285,              0.0022285
                    159,                0.33811,                 0.2099,                0.94857,                0.98792,                0.98029,                0.99398,                0.96951,                0.22042,                0.12823,                0.77686,               0.002179,               0.002179,               0.002179
                    160,                0.33637,                0.20888,                0.94547,                0.98975,                0.97772,                0.99402,                0.96941,                0.21993,                0.12853,                0.77652,              0.0021295,              0.0021295,              0.0021295
                    161,                0.33421,                0.20788,                0.94283,                0.98975,                0.97772,                0.99402,                0.96937,                 0.2193,                0.12731,                0.77622,                0.00208,                0.00208,                0.00208
                    162,                0.33323,                0.20917,                0.94469,                0.98876,                0.97952,                0.99398,                0.96986,                 0.2185,                 0.1271,                0.77578,              0.0020305,              0.0020305,              0.0020305
                    163,                0.33141,                0.20661,                0.94274,                0.98906,                0.97943,                0.99394,                0.96987,                0.21778,                0.12709,                0.77554,               0.001981,               0.001981,               0.001981
                    164,                0.33115,                0.20595,                0.94306,                0.98907,                0.97943,                0.99395,                0.96995,                0.21726,                0.12664,                0.77537,              0.0019315,              0.0019315,              0.0019315
                    165,                0.32832,                0.20589,                0.94252,                 0.9902,                0.97943,                0.99395,                 0.9701,                 0.2167,                0.12631,                0.77493,               0.001882,               0.001882,               0.001882
                    166,                  0.324,                0.20047,                0.93889,                0.98858,                0.97943,                0.99398,                 0.9708,                0.21607,                0.12556,                0.77469,              0.0018325,              0.0018325,              0.0018325
                    167,                0.32016,                 0.2008,                0.93944,                  0.988,                0.97943,                0.99396,                0.97122,                0.21542,                 0.1255,                0.77446,               0.001783,               0.001783,               0.001783
                    168,                0.32157,                0.20202,                0.94055,                0.98706,                0.98042,                0.99397,                0.97145,                0.21483,                0.12528,                0.77421,              0.0017335,              0.0017335,              0.0017335
                    169,                0.31756,                0.20024,                0.93852,                0.98706,                0.98051,                0.99397,                0.97144,                 0.2138,                0.12523,                0.77372,               0.001684,               0.001684,               0.001684
                    170,                0.31698,                0.19852,                0.93705,                0.98706,                0.98063,                0.99393,                0.97142,                0.21315,                0.12508,                0.77349,              0.0016345,              0.0016345,              0.0016345
                    171,                0.31658,                0.19984,                0.93842,                0.98623,                0.98176,                0.99394,                0.97102,                0.21231,                0.12573,                0.77309,               0.001585,               0.001585,               0.001585
                    172,                0.31016,                0.19321,                0.93427,                0.98623,                0.98179,                0.99393,                0.97127,                0.21158,                0.12518,                 0.7728,              0.0015355,              0.0015355,              0.0015355
                    173,                0.30916,                0.19378,                 0.9338,                0.98624,                 0.9824,                0.99391,                0.97157,                0.21096,                0.12469,                0.77237,               0.001486,               0.001486,               0.001486
                    174,                0.30545,                0.19288,                0.93179,                0.98541,                0.98286,                0.99388,                0.97159,                0.21031,                0.12438,                0.77203,              0.0014365,              0.0014365,              0.0014365
                    175,                0.30711,                0.19144,                0.93276,                0.98543,                0.98286,                0.99389,                0.97151,                0.20965,                0.12403,                0.77169,               0.001387,               0.001387,               0.001387
                    176,                0.30283,                0.18792,                0.93166,                0.98546,                0.98286,                 0.9939,                0.97173,                0.20879,                 0.1229,                0.77135,              0.0013375,              0.0013375,              0.0013375
                    177,                0.30073,                0.18925,                0.93286,                0.98624,                 0.9828,                 0.9939,                  0.972,                0.20805,                0.12242,                0.77108,               0.001288,               0.001288,               0.001288
                    178,                0.29683,                 0.1878,                0.93004,                0.98588,                0.98201,                0.99389,                0.97195,                0.20738,                0.12275,                0.77088,              0.0012385,              0.0012385,              0.0012385
                    179,                0.29757,                0.18696,                0.92977,                0.98624,                0.98251,                0.99383,                0.97208,                0.20672,                 0.1226,                0.77068,               0.001189,               0.001189,               0.001189
                    180,                0.29609,                0.18496,                0.93072,                0.98708,                0.98199,                0.99382,                0.97231,                0.20601,                0.12253,                0.77046,              0.0011395,              0.0011395,              0.0011395
                    181,                0.29313,                0.18389,                 0.9281,                0.98708,                 0.9821,                0.99384,                0.97236,                0.20528,                0.12225,                0.77028,                0.00109,                0.00109,                0.00109
                    182,                0.29131,                0.18258,                0.92797,                0.98709,                0.98249,                0.99384,                0.97248,                 0.2046,                0.12177,                0.76998,              0.0010405,              0.0010405,              0.0010405
                    183,                0.28818,                0.17884,                0.92388,                0.98644,                0.98201,                0.99384,                0.97233,                 0.2038,                 0.1212,                0.76971,               0.000991,               0.000991,               0.000991
                    184,                0.28927,                0.18184,                 0.9275,                0.98649,                0.98201,                0.99384,                0.97258,                0.20309,                0.12153,                0.76943,              0.0009415,              0.0009415,              0.0009415
                    185,                0.28408,                0.17886,                0.92321,                0.98927,                0.97943,                0.99384,                0.97246,                0.20264,                0.12042,                 0.7694,               0.000892,               0.000892,               0.000892
                    186,                0.28409,                0.17744,                 0.9239,                0.98939,                0.97943,                0.99382,                0.97248,                0.20191,                0.12073,                0.76937,              0.0008425,              0.0008425,              0.0008425
                    187,                0.27821,                0.17491,                0.92346,                0.99005,                0.97943,                0.99376,                0.97279,                0.20098,                0.12033,                 0.7691,               0.000793,               0.000793,               0.000793
                    188,                0.28105,                0.17769,                0.92241,                0.99012,                0.97943,                0.99373,                0.97265,                0.20036,                0.12034,                0.76898,              0.0007435,              0.0007435,              0.0007435
                    189,                 0.2765,                0.17333,                0.92251,                0.98708,                0.98286,                0.99367,                0.97266,                0.19951,                0.12009,                0.76885,               0.000694,               0.000694,               0.000694
                    190,                0.27503,                0.17211,                0.92021,                0.98794,                0.98241,                0.99363,                0.97293,                0.19894,                0.12006,                0.76858,              0.0006445,              0.0006445,              0.0006445
                    191,                0.22968,                0.11946,                0.87659,                0.98794,                0.98284,                0.99361,                0.97301,                0.19838,                0.12003,                0.76854,               0.000595,               0.000595,               0.000595
                    192,                0.22258,                0.11489,                0.87175,                 0.9878,                0.98286,                0.99365,                0.97306,                0.19773,                0.11996,                0.76833,              0.0005455,              0.0005455,              0.0005455
                    193,                0.22003,                0.11503,                   0.87,                0.98787,                0.98286,                0.99365,                0.97326,                0.19725,                0.11957,                0.76789,               0.000496,               0.000496,               0.000496
                    194,                0.21357,                0.11146,                0.86633,                0.98793,                0.98286,                0.99363,                0.97326,                0.19643,                0.11829,                0.76753,              0.0004465,              0.0004465,              0.0004465
                    195,                0.20978,                0.11005,                0.86237,                0.98739,                0.98286,                0.99359,                0.97323,                0.19578,                0.11826,                0.76735,               0.000397,               0.000397,               0.000397
                    196,                0.20779,                0.10879,                0.86535,                0.98737,                0.98286,                 0.9936,                0.97341,                0.19525,                 0.1178,                0.76712,              0.0003475,              0.0003475,              0.0003475
                    197,                0.20645,                0.10818,                0.86419,                0.98807,                0.98286,                0.99359,                0.97349,                0.19499,                0.11792,                0.76718,               0.000298,               0.000298,               0.000298
                    198,                0.20437,                0.10689,                 0.8633,                0.98879,                0.98275,                0.99357,                0.97348,                0.19449,                0.11715,                0.76709,              0.0002485,              0.0002485,              0.0002485
                    199,                0.20078,                0.10564,                0.86306,                0.98759,                0.98286,                 0.9936,                0.97334,                0.19392,                0.11723,                0.76688,               0.000199,               0.000199,               0.000199
                    200,                0.19916,                0.10418,                0.86095,                0.98708,                0.98229,                0.99362,                0.97357,                0.19318,                 0.1167,                0.76665,              0.0001495,              0.0001495,              0.0001495
